Allocation Processors,Requested memory
2.3274688696264,24735.7913267914
2.36696239722555,23902.4845377324
2.40172408234311,23079.333768624
2.42866889417698,22346.4510854917
2.45715741056991,21693.9375395017
2.47864794617799,21112.9797170565
2.4948595001372,20595.7306981901
2.50708881291775,20135.2040692653
2.51631409085598,19725.1795584142
2.52327325156801,19360.1190191547
2.52852294899071,19035.0916273829
2.53248309938387,18745.7072813885
